[{"model": "admin.logentry", "pk": 1, "fields": {"action_time": "2023-08-17T11:21:26.607Z", "user": 1, "content_type": 7, "object_id": "1", "object_repr": "Летнее утро", "action_flag": 2, "change_message": "[{\"changed\": {\"fields\": [\"\\u041a\\u0430\\u0440\\u0442\\u0438\\u043d\\u043a\\u0430\"]}}]"}}, {"model": "admin.logentry", "pk": 2, "fields": {"action_time": "2023-08-17T11:26:30.810Z", "user": 1, "content_type": 7, "object_id": "1", "object_repr": "Летнее утро", "action_flag": 2, "change_message": "[{\"changed\": {\"fields\": [\"\\u041a\\u0430\\u0440\\u0442\\u0438\\u043d\\u043a\\u0430\"]}}]"}}, {"model": "admin.logentry", "pk": 3, "fields": {"action_time": "2023-08-18T09:17:58.018Z", "user": 1, "content_type": 7, "object_id": "1", "object_repr": "Летнее утро", "action_flag": 2, "change_message": "[{\"changed\": {\"fields\": [\"\\u041e\\u043f\\u0438\\u0441\\u0430\\u043d\\u0438\\u0435\"]}}]"}}, {"model": "admin.logentry", "pk": 4, "fields": {"action_time": "2023-08-18T09:19:24.299Z", "user": 1, "content_type": 7, "object_id": "1", "object_repr": "Летнее утро", "action_flag": 2, "change_message": "[{\"changed\": {\"fields\": [\"\\u041e\\u043f\\u0438\\u0441\\u0430\\u043d\\u0438\\u0435\"]}}]"}}, {"model": "admin.logentry", "pk": 5, "fields": {"action_time": "2023-08-19T09:23:48.848Z", "user": 1, "content_type": 12, "object_id": "1", "object_repr": "sd", "action_flag": 1, "change_message": "[{\"added\": {}}]"}}, {"model": "admin.logentry", "pk": 6, "fields": {"action_time": "2023-08-19T09:24:47.957Z", "user": 1, "content_type": 7, "object_id": "2", "object_repr": "ewfe", "action_flag": 1, "change_message": "[{\"added\": {}}]"}}, {"model": "admin.logentry", "pk": 7, "fields": {"action_time": "2023-08-19T09:27:28.660Z", "user": 1, "content_type": 7, "object_id": "1", "object_repr": "Летнее утро", "action_flag": 2, "change_message": "[{\"changed\": {\"fields\": [\"\\u041e\\u043f\\u0438\\u0441\\u0430\\u043d\\u0438\\u0435\", \"\\u0421\\u043e\\u0431\\u044b\\u0442\\u0438\\u044f\"]}}]"}}, {"model": "admin.logentry", "pk": 8, "fields": {"action_time": "2023-08-19T09:27:54.979Z", "user": 1, "content_type": 7, "object_id": "1", "object_repr": "Летнее утро", "action_flag": 2, "change_message": "[{\"changed\": {\"fields\": [\"\\u041e\\u043f\\u0438\\u0441\\u0430\\u043d\\u0438\\u0435\"]}}]"}}, {"model": "admin.logentry", "pk": 9, "fields": {"action_time": "2023-08-19T11:50:25.853Z", "user": 1, "content_type": 12, "object_id": "1", "object_repr": "Свадьба", "action_flag": 2, "change_message": "[{\"changed\": {\"fields\": [\"Name\"]}}]"}}, {"model": "admin.logentry", "pk": 10, "fields": {"action_time": "2023-08-19T11:50:36.614Z", "user": 1, "content_type": 12, "object_id": "2", "object_repr": "День рождения", "action_flag": 1, "change_message": "[{\"added\": {}}]"}}, {"model": "admin.logentry", "pk": 11, "fields": {"action_time": "2023-08-19T11:50:44.155Z", "user": 1, "content_type": 12, "object_id": "3", "object_repr": "Без повода", "action_flag": 1, "change_message": "[{\"added\": {}}]"}}, {"model": "admin.logentry", "pk": 12, "fields": {"action_time": "2023-08-19T12:01:56.795Z", "user": 1, "content_type": 13, "object_id": "1", "object_repr": "None - 1000", "action_flag": 1, "change_message": "[{\"added\": {}}]"}}, {"model": "admin.logentry", "pk": 13, "fields": {"action_time": "2023-08-19T12:02:19.742Z", "user": 1, "content_type": 13, "object_id": "2", "object_repr": "1000 - 5000", "action_flag": 1, "change_message": "[{\"added\": {}}]"}}, {"model": "admin.logentry", "pk": 14, "fields": {"action_time": "2023-08-19T12:03:03.054Z", "user": 1, "content_type": 13, "object_id": "3", "object_repr": "5000 - None", "action_flag": 1, "change_message": "[{\"added\": {}}]"}}, {"model": "admin.logentry", "pk": 15, "fields": {"action_time": "2023-08-19T12:03:05.831Z", "user": 1, "content_type": 13, "object_id": "4", "object_repr": "None - None", "action_flag": 1, "change_message": "[{\"added\": {}}]"}}, {"model": "admin.logentry", "pk": 16, "fields": {"action_time": "2023-08-19T12:40:21.929Z", "user": 1, "content_type": 13, "object_id": "4", "object_repr": "Не имеет значения", "action_flag": 2, "change_message": "[{\"changed\": {\"fields\": [\"\\u0418\\u043c\\u0435\\u0435\\u0442 \\u0437\\u043d\\u0430\\u0447\\u0435\\u043d\\u0438\\u0435\"]}}]"}}, {"model": "admin.logentry", "pk": 17, "fields": {"action_time": "2023-08-19T13:00:02.638Z", "user": 1, "content_type": 7, "object_id": "2", "object_repr": "ewfe", "action_flag": 2, "change_message": "[{\"changed\": {\"fields\": [\"\\u0421\\u043e\\u0431\\u044b\\u0442\\u0438\\u044f\"]}}]"}}, {"model": "admin.logentry", "pk": 18, "fields": {"action_time": "2023-08-19T13:11:03.089Z", "user": 1, "content_type": 9, "object_id": "3", "object_repr": "Гиацинт", "action_flag": 1, "change_message": "[{\"added\": {}}]"}}, {"model": "admin.logentry", "pk": 19, "fields": {"action_time": "2023-08-19T13:11:08.191Z", "user": 1, "content_type": 8, "object_id": "3", "object_repr": "Гиацинт - 3 шт.", "action_flag": 1, "change_message": "[{\"added\": {}}]"}}, {"model": "admin.logentry", "pk": 20, "fields": {"action_time": "2023-08-19T13:12:00.773Z", "user": 1, "content_type": 9, "object_id": "4", "object_repr": "Веточки вербы", "action_flag": 1, "change_message": "[{\"added\": {}}]"}}, {"model": "admin.logentry", "pk": 21, "fields": {"action_time": "2023-08-19T13:12:15.524Z", "user": 1, "content_type": 9, "object_id": "5", "object_repr": "Тюльпан", "action_flag": 1, "change_message": "[{\"added\": {}}]"}}, {"model": "admin.logentry", "pk": 22, "fields": {"action_time": "2023-08-19T13:12:27.656Z", "user": 1, "content_type": 9, "object_id": "6", "object_repr": "Альстромерия", "action_flag": 1, "change_message": "[{\"added\": {}}]"}}, {"model": "admin.logentry", "pk": 23, "fields": {"action_time": "2023-08-19T13:12:49.971Z", "user": 1, "content_type": 9, "object_id": "7", "object_repr": "Зелень-салал", "action_flag": 1, "change_message": "[{\"added\": {}}]"}}, {"model": "admin.logentry", "pk": 24, "fields": {"action_time": "2023-08-19T13:13:11.004Z", "user": 1, "content_type": 9, "object_id": "8", "object_repr": "Зелень-эвкалипт", "action_flag": 1, "change_message": "[{\"added\": {}}]"}}, {"model": "admin.logentry", "pk": 25, "fields": {"action_time": "2023-08-19T13:14:03.686Z", "user": 1, "content_type": 9, "object_id": "9", "object_repr": "Роза", "action_flag": 1, "change_message": "[{\"added\": {}}]"}}, {"model": "admin.logentry", "pk": 26, "fields": {"action_time": "2023-08-19T13:14:16.389Z", "user": 1, "content_type": 9, "object_id": "10", "object_repr": "Сирень", "action_flag": 1, "change_message": "[{\"added\": {}}]"}}, {"model": "admin.logentry", "pk": 27, "fields": {"action_time": "2023-08-19T13:14:32.952Z", "user": 1, "content_type": 9, "object_id": "11", "object_repr": "Левкой", "action_flag": 1, "change_message": "[{\"added\": {}}]"}}, {"model": "admin.logentry", "pk": 28, "fields": {"action_time": "2023-08-19T13:14:53.074Z", "user": 1, "content_type": 9, "object_id": "12", "object_repr": "Анемон", "action_flag": 1, "change_message": "[{\"added\": {}}]"}}, {"model": "admin.logentry", "pk": 29, "fields": {"action_time": "2023-08-19T13:15:36.920Z", "user": 1, "content_type": 9, "object_id": "13", "object_repr": "Лютик (ранункулюс)", "action_flag": 1, "change_message": "[{\"added\": {}}]"}}, {"model": "admin.logentry", "pk": 30, "fields": {"action_time": "2023-08-19T13:15:51.657Z", "user": 1, "content_type": 9, "object_id": "14", "object_repr": "Шамелациум", "action_flag": 1, "change_message": "[{\"added\": {}}]"}}, {"model": "admin.logentry", "pk": 31, "fields": {"action_time": "2023-08-19T13:16:19.207Z", "user": 1, "content_type": 9, "object_id": "15", "object_repr": "Пион", "action_flag": 1, "change_message": "[{\"added\": {}}]"}}, {"model": "admin.logentry", "pk": 32, "fields": {"action_time": "2023-08-19T13:16:55.477Z", "user": 1, "content_type": 7, "object_id": "2", "object_repr": "ewfe", "action_flag": 3, "change_message": ""}}, {"model": "admin.logentry", "pk": 33, "fields": {"action_time": "2023-08-19T13:16:55.487Z", "user": 1, "content_type": 7, "object_id": "1", "object_repr": "Летнее утро", "action_flag": 3, "change_message": ""}}, {"model": "admin.logentry", "pk": 34, "fields": {"action_time": "2023-08-19T13:19:47.730Z", "user": 1, "content_type": 8, "object_id": "4", "object_repr": "Гиацинт - 2 шт.", "action_flag": 1, "change_message": "[{\"added\": {}}]"}}, {"model": "admin.logentry", "pk": 35, "fields": {"action_time": "2023-08-19T13:19:58.257Z", "user": 1, "content_type": 8, "object_id": "5", "object_repr": "Веточки вербы - 5 шт.", "action_flag": 1, "change_message": "[{\"added\": {}}]"}}, {"model": "admin.logentry", "pk": 36, "fields": {"action_time": "2023-08-19T13:20:16.105Z", "user": 1, "content_type": 8, "object_id": "6", "object_repr": "Тюльпан - 4 шт.", "action_flag": 1, "change_message": "[{\"added\": {}}]"}}, {"model": "admin.logentry", "pk": 37, "fields": {"action_time": "2023-08-19T13:20:26.893Z", "user": 1, "content_type": 8, "object_id": "7", "object_repr": "Альстромерия - 5 шт.", "action_flag": 1, "change_message": "[{\"added\": {}}]"}}, {"model": "admin.logentry", "pk": 38, "fields": {"action_time": "2023-08-19T13:20:37.657Z", "user": 1, "content_type": 8, "object_id": "8", "object_repr": "Зелень-салал - 7 шт.", "action_flag": 1, "change_message": "[{\"added\": {}}]"}}, {"model": "admin.logentry", "pk": 39, "fields": {"action_time": "2023-08-19T13:20:46.709Z", "user": 1, "content_type": 8, "object_id": "9", "object_repr": "Зелень-эвкалипт - 2 шт.", "action_flag": 1, "change_message": "[{\"added\": {}}]"}}, {"model": "admin.logentry", "pk": 40, "fields": {"action_time": "2023-08-19T13:21:02.273Z", "user": 1, "content_type": 7, "object_id": "3", "object_repr": "Весенний букет с вербой", "action_flag": 1, "change_message": "[{\"added\": {}}]"}}, {"model": "admin.logentry", "pk": 41, "fields": {"action_time": "2023-08-19T13:22:04.280Z", "user": 1, "content_type": 7, "object_id": "3", "object_repr": "Весенний букет с вербой", "action_flag": 2, "change_message": "[]"}}, {"model": "admin.logentry", "pk": 42, "fields": {"action_time": "2023-08-19T13:23:53.089Z", "user": 1, "content_type": 7, "object_id": "3", "object_repr": "Весенний букет с вербой", "action_flag": 2, "change_message": "[{\"changed\": {\"fields\": [\"\\u0421\\u043e\\u0431\\u044b\\u0442\\u0438\\u044f\"]}}]"}}, {"model": "admin.logentry", "pk": 43, "fields": {"action_time": "2023-08-19T13:28:22.558Z", "user": 1, "content_type": 8, "object_id": "10", "object_repr": "Роза - 6 шт.", "action_flag": 1, "change_message": "[{\"added\": {}}]"}}, {"model": "admin.logentry", "pk": 44, "fields": {"action_time": "2023-08-19T13:28:31.157Z", "user": 1, "content_type": 8, "object_id": "11", "object_repr": "Сирень - 7 шт.", "action_flag": 1, "change_message": "[{\"added\": {}}]"}}, {"model": "admin.logentry", "pk": 45, "fields": {"action_time": "2023-08-19T13:28:38.642Z", "user": 1, "content_type": 8, "object_id": "12", "object_repr": "Левкой - 6 шт.", "action_flag": 1, "change_message": "[{\"added\": {}}]"}}, {"model": "admin.logentry", "pk": 46, "fields": {"action_time": "2023-08-19T13:28:48.661Z", "user": 1, "content_type": 8, "object_id": "13", "object_repr": "Анемон - 3 шт.", "action_flag": 1, "change_message": "[{\"added\": {}}]"}}, {"model": "admin.logentry", "pk": 47, "fields": {"action_time": "2023-08-19T13:29:27.902Z", "user": 1, "content_type": 7, "object_id": "4", "object_repr": "Пламенный закат", "action_flag": 1, "change_message": "[{\"added\": {}}]"}}, {"model": "admin.logentry", "pk": 48, "fields": {"action_time": "2023-08-19T13:30:05.570Z", "user": 1, "content_type": 7, "object_id": "3", "object_repr": "Летнее утро", "action_flag": 2, "change_message": "[{\"changed\": {\"fields\": [\"\\u041d\\u0430\\u0437\\u0432\\u0430\\u043d\\u0438\\u0435\", \"\\u041e\\u043f\\u0438\\u0441\\u0430\\u043d\\u0438\\u0435\"]}}]"}}, {"model": "admin.logentry", "pk": 49, "fields": {"action_time": "2023-08-19T13:30:32.687Z", "user": 1, "content_type": 7, "object_id": "3", "object_repr": "Летнее утро", "action_flag": 2, "change_message": "[{\"changed\": {\"fields\": [\"\\u041a\\u0430\\u0440\\u0442\\u0438\\u043d\\u043a\\u0430\"]}}]"}}, {"model": "admin.logentry", "pk": 50, "fields": {"action_time": "2023-08-19T13:31:34.367Z", "user": 1, "content_type": 8, "object_id": "14", "object_repr": "Тюльпан - 32 шт.", "action_flag": 1, "change_message": "[{\"added\": {}}]"}}, {"model": "admin.logentry", "pk": 51, "fields": {"action_time": "2023-08-19T13:33:05.315Z", "user": 1, "content_type": 7, "object_id": "5", "object_repr": "Осенний", "action_flag": 1, "change_message": "[{\"added\": {}}]"}}, {"model": "admin.logentry", "pk": 52, "fields": {"action_time": "2023-08-19T13:34:43.058Z", "user": 1, "content_type": 7, "object_id": "6", "object_repr": "Полевой", "action_flag": 1, "change_message": "[{\"added\": {}}]"}}, {"model": "admin.logentry", "pk": 53, "fields": {"action_time": "2023-08-19T13:35:56.892Z", "user": 1, "content_type": 8, "object_id": "15", "object_repr": "Гиацинт - 12 шт.", "action_flag": 1, "change_message": "[{\"added\": {}}]"}}, {"model": "admin.logentry", "pk": 54, "fields": {"action_time": "2023-08-19T13:36:17.470Z", "user": 1, "content_type": 7, "object_id": "7", "object_repr": "Весенний", "action_flag": 1, "change_message": "[{\"added\": {}}]"}}, {"model": "admin.logentry", "pk": 55, "fields": {"action_time": "2023-08-19T13:38:51.099Z", "user": 1, "content_type": 7, "object_id": "8", "object_repr": "Нежный", "action_flag": 1, "change_message": "[{\"added\": {}}]"}}, {"model": "auth.permission", "pk": 1, "fields": {"name": "Can add log entry", "content_type": 1, "codename": "add_logentry"}}, {"model": "auth.permission", "pk": 2, "fields": {"name": "Can change log entry", "content_type": 1, "codename": "change_logentry"}}, {"model": "auth.permission", "pk": 3, "fields": {"name": "Can delete log entry", "content_type": 1, "codename": "delete_logentry"}}, {"model": "auth.permission", "pk": 4, "fields": {"name": "Can view log entry", "content_type": 1, "codename": "view_logentry"}}, {"model": "auth.permission", "pk": 5, "fields": {"name": "Can add permission", "content_type": 2, "codename": "add_permission"}}, {"model": "auth.permission", "pk": 6, "fields": {"name": "Can change permission", "content_type": 2, "codename": "change_permission"}}, {"model": "auth.permission", "pk": 7, "fields": {"name": "Can delete permission", "content_type": 2, "codename": "delete_permission"}}, {"model": "auth.permission", "pk": 8, "fields": {"name": "Can view permission", "content_type": 2, "codename": "view_permission"}}, {"model": "auth.permission", "pk": 9, "fields": {"name": "Can add group", "content_type": 3, "codename": "add_group"}}, {"model": "auth.permission", "pk": 10, "fields": {"name": "Can change group", "content_type": 3, "codename": "change_group"}}, {"model": "auth.permission", "pk": 11, "fields": {"name": "Can delete group", "content_type": 3, "codename": "delete_group"}}, {"model": "auth.permission", "pk": 12, "fields": {"name": "Can view group", "content_type": 3, "codename": "view_group"}}, {"model": "auth.permission", "pk": 13, "fields": {"name": "Can add user", "content_type": 4, "codename": "add_user"}}, {"model": "auth.permission", "pk": 14, "fields": {"name": "Can change user", "content_type": 4, "codename": "change_user"}}, {"model": "auth.permission", "pk": 15, "fields": {"name": "Can delete user", "content_type": 4, "codename": "delete_user"}}, {"model": "auth.permission", "pk": 16, "fields": {"name": "Can view user", "content_type": 4, "codename": "view_user"}}, {"model": "auth.permission", "pk": 17, "fields": {"name": "Can add content type", "content_type": 5, "codename": "add_contenttype"}}, {"model": "auth.permission", "pk": 18, "fields": {"name": "Can change content type", "content_type": 5, "codename": "change_contenttype"}}, {"model": "auth.permission", "pk": 19, "fields": {"name": "Can delete content type", "content_type": 5, "codename": "delete_contenttype"}}, {"model": "auth.permission", "pk": 20, "fields": {"name": "Can view content type", "content_type": 5, "codename": "view_contenttype"}}, {"model": "auth.permission", "pk": 21, "fields": {"name": "Can add session", "content_type": 6, "codename": "add_session"}}, {"model": "auth.permission", "pk": 22, "fields": {"name": "Can change session", "content_type": 6, "codename": "change_session"}}, {"model": "auth.permission", "pk": 23, "fields": {"name": "Can delete session", "content_type": 6, "codename": "delete_session"}}, {"model": "auth.permission", "pk": 24, "fields": {"name": "Can view session", "content_type": 6, "codename": "view_session"}}, {"model": "auth.permission", "pk": 25, "fields": {"name": "Can add букет", "content_type": 7, "codename": "add_bouquet"}}, {"model": "auth.permission", "pk": 26, "fields": {"name": "Can change букет", "content_type": 7, "codename": "change_bouquet"}}, {"model": "auth.permission", "pk": 27, "fields": {"name": "Can delete букет", "content_type": 7, "codename": "delete_bouquet"}}, {"model": "auth.permission", "pk": 28, "fields": {"name": "Can view букет", "content_type": 7, "codename": "view_bouquet"}}, {"model": "auth.permission", "pk": 29, "fields": {"name": "Can add набор цветов", "content_type": 8, "codename": "add_flowerset"}}, {"model": "auth.permission", "pk": 30, "fields": {"name": "Can change набор цветов", "content_type": 8, "codename": "change_flowerset"}}, {"model": "auth.permission", "pk": 31, "fields": {"name": "Can delete набор цветов", "content_type": 8, "codename": "delete_flowerset"}}, {"model": "auth.permission", "pk": 32, "fields": {"name": "Can view набор цветов", "content_type": 8, "codename": "view_flowerset"}}, {"model": "auth.permission", "pk": 33, "fields": {"name": "Can add цветок", "content_type": 9, "codename": "add_flower"}}, {"model": "auth.permission", "pk": 34, "fields": {"name": "Can change цветок", "content_type": 9, "codename": "change_flower"}}, {"model": "auth.permission", "pk": 35, "fields": {"name": "Can delete цветок", "content_type": 9, "codename": "delete_flower"}}, {"model": "auth.permission", "pk": 36, "fields": {"name": "Can view цветок", "content_type": 9, "codename": "view_flower"}}, {"model": "auth.permission", "pk": 37, "fields": {"name": "Can add консультация", "content_type": 10, "codename": "add_consultation"}}, {"model": "auth.permission", "pk": 38, "fields": {"name": "Can change консультация", "content_type": 10, "codename": "change_consultation"}}, {"model": "auth.permission", "pk": 39, "fields": {"name": "Can delete консультация", "content_type": 10, "codename": "delete_consultation"}}, {"model": "auth.permission", "pk": 40, "fields": {"name": "Can view консультация", "content_type": 10, "codename": "view_consultation"}}, {"model": "auth.permission", "pk": 41, "fields": {"name": "Can add заказ", "content_type": 11, "codename": "add_order"}}, {"model": "auth.permission", "pk": 42, "fields": {"name": "Can change заказ", "content_type": 11, "codename": "change_order"}}, {"model": "auth.permission", "pk": 43, "fields": {"name": "Can delete заказ", "content_type": 11, "codename": "delete_order"}}, {"model": "auth.permission", "pk": 44, "fields": {"name": "Can view заказ", "content_type": 11, "codename": "view_order"}}, {"model": "auth.permission", "pk": 45, "fields": {"name": "Can add occasion", "content_type": 12, "codename": "add_occasion"}}, {"model": "auth.permission", "pk": 46, "fields": {"name": "Can change occasion", "content_type": 12, "codename": "change_occasion"}}, {"model": "auth.permission", "pk": 47, "fields": {"name": "Can delete occasion", "content_type": 12, "codename": "delete_occasion"}}, {"model": "auth.permission", "pk": 48, "fields": {"name": "Can view occasion", "content_type": 12, "codename": "view_occasion"}}, {"model": "auth.permission", "pk": 49, "fields": {"name": "Can add бюджет", "content_type": 13, "codename": "add_budget"}}, {"model": "auth.permission", "pk": 50, "fields": {"name": "Can change бюджет", "content_type": 13, "codename": "change_budget"}}, {"model": "auth.permission", "pk": 51, "fields": {"name": "Can delete бюджет", "content_type": 13, "codename": "delete_budget"}}, {"model": "auth.permission", "pk": 52, "fields": {"name": "Can view бюджет", "content_type": 13, "codename": "view_budget"}}, {"model": "auth.user", "pk": 1, "fields": {"password": "pbkdf2_sha256$600000$TSh8WpfX8END1etqqVajLG$wN1ixwT+flSeD2CoaNW0SMclhCVVgf9Ay+9kVRy3owo=", "last_login": "2023-08-19T12:20:52.083Z", "is_superuser": true, "username": "admin", "first_name": "", "last_name": "", "email": "dragoilya@yandex.ru", "is_staff": true, "is_active": true, "date_joined": "2023-08-17T11:20:40.526Z", "groups": [], "user_permissions": []}}, {"model": "contenttypes.contenttype", "pk": 1, "fields": {"app_label": "admin", "model": "logentry"}}, {"model": "contenttypes.contenttype", "pk": 2, "fields": {"app_label": "auth", "model": "permission"}}, {"model": "contenttypes.contenttype", "pk": 3, "fields": {"app_label": "auth", "model": "group"}}, {"model": "contenttypes.contenttype", "pk": 4, "fields": {"app_label": "auth", "model": "user"}}, {"model": "contenttypes.contenttype", "pk": 5, "fields": {"app_label": "contenttypes", "model": "contenttype"}}, {"model": "contenttypes.contenttype", "pk": 6, "fields": {"app_label": "sessions", "model": "session"}}, {"model": "contenttypes.contenttype", "pk": 7, "fields": {"app_label": "flower_shop", "model": "bouquet"}}, {"model": "contenttypes.contenttype", "pk": 8, "fields": {"app_label": "flower_shop", "model": "flowerset"}}, {"model": "contenttypes.contenttype", "pk": 9, "fields": {"app_label": "flower_shop", "model": "flower"}}, {"model": "contenttypes.contenttype", "pk": 10, "fields": {"app_label": "flower_shop", "model": "consultation"}}, {"model": "contenttypes.contenttype", "pk": 11, "fields": {"app_label": "flower_shop", "model": "order"}}, {"model": "contenttypes.contenttype", "pk": 12, "fields": {"app_label": "flower_shop", "model": "occasion"}}, {"model": "contenttypes.contenttype", "pk": 13, "fields": {"app_label": "flower_shop", "model": "budget"}}, {"model": "sessions.session", "pk": "msmxq8myjhpsy6gp7zn00yq3r0uftn72", "fields": {"session_data": ".eJxVjM0OwiAQBt-FsyELBUs9eu8zkI_uIlVDk_6cjO-uTXrQ68xkXipiW0vcFpnjyOqijDr9soThIXUXfEe9TXqY6jqPSe-JPuyi-4nleT3av0HBUvYte59C6NhTyGQ5B-uNbQSAgzgSnA0MZxJG1yYia5K0DvT1jXNBvT_oHjgJ:1qXKwm:IBGOKIGEoJGBzGjU9wj6JnCx2K-mdikED1VUIytke64", "expire_date": "2023-09-02T12:20:52.085Z"}}, {"model": "sessions.session", "pk": "ujy4n836dguy9ipf9jytwt4q01t6mag9", "fields": {"session_data": ".eJxVjM0OwiAQBt-FsyELBUs9eu8zkI_uIlVDk_6cjO-uTXrQ68xkXipiW0vcFpnjyOqijDr9soThIXUXfEe9TXqY6jqPSe-JPuyi-4nleT3av0HBUvYte59C6NhTyGQ5B-uNbQSAgzgSnA0MZxJG1yYia5K0DvT1jXNBvT_oHjgJ:1qWb3s:RbohNYygRBXBvuJIUPhNS2ONrFJnfpTmedrLMWfvnGM", "expire_date": "2023-08-31T11:21:08.863Z"}}, {"model": "flower_shop.consultation", "pk": 1, "fields": {"firstname": "dsdsv", "phonenumber": "+79265252025", "processed": false}}, {"model": "flower_shop.consultation", "pk": 2, "fields": {"firstname": "dsdsv", "phonenumber": "+79265252025", "processed": false}}, {"model": "flower_shop.consultation", "pk": 3, "fields": {"firstname": "sava", "phonenumber": "+79265252025", "processed": false}}, {"model": "flower_shop.consultation", "pk": 4, "fields": {"firstname": "sava", "phonenumber": "+79265252026", "processed": false}}, {"model": "flower_shop.consultation", "pk": 5, "fields": {"firstname": "sava", "phonenumber": "+79265252626", "processed": false}}, {"model": "flower_shop.consultation", "pk": 6, "fields": {"firstname": "sava", "phonenumber": "+79265252626", "processed": false}}, {"model": "flower_shop.consultation", "pk": 7, "fields": {"firstname": "sava", "phonenumber": "+79265252626", "processed": false}}, {"model": "flower_shop.consultation", "pk": 8, "fields": {"firstname": "sdasd", "phonenumber": "+79265252626", "processed": false}}, {"model": "flower_shop.flower", "pk": 1, "fields": {"name": "Гортензия розовая", "price": "100.00"}}, {"model": "flower_shop.flower", "pk": 2, "fields": {"name": "Ветки эвкалипта", "price": "80.00"}}, {"model": "flower_shop.flower", "pk": 3, "fields": {"name": "Гиацинт", "price": "45.00"}}, {"model": "flower_shop.flower", "pk": 4, "fields": {"name": "Веточки вербы", "price": "67.00"}}, {"model": "flower_shop.flower", "pk": 5, "fields": {"name": "Тюльпан", "price": "78.00"}}, {"model": "flower_shop.flower", "pk": 6, "fields": {"name": "Альстромерия", "price": "120.00"}}, {"model": "flower_shop.flower", "pk": 7, "fields": {"name": "Зелень-салал", "price": "59.00"}}, {"model": "flower_shop.flower", "pk": 8, "fields": {"name": "Зелень-эвкалипт", "price": "54.00"}}, {"model": "flower_shop.flower", "pk": 9, "fields": {"name": "Роза", "price": "100.00"}}, {"model": "flower_shop.flower", "pk": 10, "fields": {"name": "Сирень", "price": "98.00"}}, {"model": "flower_shop.flower", "pk": 11, "fields": {"name": "Левкой", "price": "84.00"}}, {"model": "flower_shop.flower", "pk": 12, "fields": {"name": "Анемон", "price": "160.00"}}, {"model": "flower_shop.flower", "pk": 13, "fields": {"name": "Лютик (ранункулюс)", "price": "120.00"}}, {"model": "flower_shop.flower", "pk": 14, "fields": {"name": "Шамелациум", "price": "200.00"}}, {"model": "flower_shop.flower", "pk": 15, "fields": {"name": "Пион", "price": "63.00"}}, {"model": "flower_shop.flowerset", "pk": 1, "fields": {"flower": 1, "count": 4}}, {"model": "flower_shop.flowerset", "pk": 2, "fields": {"flower": 2, "count": 2}}, {"model": "flower_shop.flowerset", "pk": 3, "fields": {"flower": 3, "count": 3}}, {"model": "flower_shop.flowerset", "pk": 4, "fields": {"flower": 3, "count": 2}}, {"model": "flower_shop.flowerset", "pk": 5, "fields": {"flower": 4, "count": 5}}, {"model": "flower_shop.flowerset", "pk": 6, "fields": {"flower": 5, "count": 4}}, {"model": "flower_shop.flowerset", "pk": 7, "fields": {"flower": 6, "count": 5}}, {"model": "flower_shop.flowerset", "pk": 8, "fields": {"flower": 7, "count": 7}}, {"model": "flower_shop.flowerset", "pk": 9, "fields": {"flower": 8, "count": 2}}, {"model": "flower_shop.flowerset", "pk": 10, "fields": {"flower": 9, "count": 6}}, {"model": "flower_shop.flowerset", "pk": 11, "fields": {"flower": 10, "count": 7}}, {"model": "flower_shop.flowerset", "pk": 12, "fields": {"flower": 11, "count": 6}}, {"model": "flower_shop.flowerset", "pk": 13, "fields": {"flower": 12, "count": 3}}, {"model": "flower_shop.flowerset", "pk": 14, "fields": {"flower": 5, "count": 32}}, {"model": "flower_shop.flowerset", "pk": 15, "fields": {"flower": 3, "count": 12}}, {"model": "flower_shop.budget", "pk": 1, "fields": {"min_price": 0, "max_price": 1000, "does_metter": true}}, {"model": "flower_shop.budget", "pk": 2, "fields": {"min_price": 1000, "max_price": 5000, "does_metter": true}}, {"model": "flower_shop.budget", "pk": 3, "fields": {"min_price": 5000, "max_price": 100000, "does_metter": true}}, {"model": "flower_shop.budget", "pk": 4, "fields": {"min_price": 0, "max_price": 100000, "does_metter": false}}, {"model": "flower_shop.occasion", "pk": 1, "fields": {"name": "Свадьба"}}, {"model": "flower_shop.occasion", "pk": 2, "fields": {"name": "День рождения"}}, {"model": "flower_shop.occasion", "pk": 3, "fields": {"name": "Без повода"}}, {"model": "flower_shop.bouquet", "pk": 3, "fields": {"name": "Летнее утро", "description": "Этот букет передает атмосферу летнего утра в деревне. Букет создан из свежих полевых цветов, собранных в самом сердце природы. В состав букета входит ромашка, пионовидная роза, альстромерия, эустома, веточка эвкалипта, декоративная зелень. Все цветы собраны вручную и аккуратно высушены.\r\n\r\nБукеты из полевых цветов - это не только прекрасный подарок, но и отличный способ выразить свои чувства.", "is_recommended": true, "price": "3000.00", "image": "bouquet_images/cardImg.jpg", "height": 50, "width": 40, "flowers_sets": [4, 5, 6, 7, 8, 9], "occasions": [3]}}, {"model": "flower_shop.bouquet", "pk": 4, "fields": {"name": "Пламенный закат", "description": "Букет, который способен шокировать девушку и лишить ее дара речи. Несмотря на то, что букет шикарный, получательница букета превосходит его своей красотой. И это единственное, что нужно сказать девушке в момент вручения букета.", "is_recommended": true, "price": "3600.00", "image": "bouquet_images/catalogBg1.jpg", "height": 45, "width": 50, "flowers_sets": [8, 10, 11, 12, 13], "occasions": [1, 2]}}, {"model": "flower_shop.bouquet", "pk": 5, "fields": {"name": "Осенний", "description": "Тюльпан Lech Walesa имеет пурпурно-красный бутон с белой каймой, высота бутона от 5 см, стебель от 45 см! Очень красивый букет в голубой упаковке! Такой букет отлично подойдет на подарок к 8 марта!", "is_recommended": true, "price": "4200.00", "image": "bouquet_images/catalogBg2.jpg", "height": 50, "width": 40, "flowers_sets": [14], "occasions": [2]}}, {"model": "flower_shop.bouquet", "pk": 6, "fields": {"name": "Полевой", "description": "Фиолетовые оттенки в этом букете радует глаз и навевают радостные эмоции! В букетt красота цветов оттенит красоту получательницы. Прекрасный презент для очаровательной особы! Так же подойдет на любое праздничное мероприятие!", "is_recommended": true, "price": "1600.00", "image": "bouquet_images/catalogBg3.jpg", "height": 50, "width": 40, "flowers_sets": [1, 2, 4, 7], "occasions": [3]}}, {"model": "flower_shop.bouquet", "pk": 7, "fields": {"name": "Весенний", "description": "Нежная цветочная композиция в шляпной коробке с добавлением герберы, розы и диантусов. Такая коробка передаст ваши нежные и теплые чувства адресату! Заказывая у нас вы получаете гарантию качества и быструю бесплатную доставку по Иркутску!", "is_recommended": true, "price": "5500.00", "image": "bouquet_images/catalogBg4.jpg", "height": 40, "width": 30, "flowers_sets": [2, 6, 15], "occasions": [1, 2]}}, {"model": "flower_shop.bouquet", "pk": 8, "fields": {"name": "Нежный", "description": "Внесите вместе с букетом свежий весенний воздух, море позитива и праздник. Букет не останется незамеченным среди других букетов. Он станет главным  среди всех подарков.", "is_recommended": true, "price": "2900.00", "image": "bouquet_images/recommendedBg3_M7DoLsr.jpg", "height": 46, "width": 33, "flowers_sets": [8, 2, 4, 6], "occasions": [2, 3]}}, {"model": "flower_shop.order", "pk": 20, "fields": {"bouquet": 7, "name": "asda", "phone": "+79265252025", "address": "sadasd", "preferred_delivery_time": "с 12:00 до 14:00", "total_sum": "5500.00"}}, {"model": "flower_shop.order", "pk": 21, "fields": {"bouquet": 7, "name": "asda", "phone": "+79265252626", "address": "sadasd", "preferred_delivery_time": "с 12:00 до 14:00", "total_sum": "5500.00"}}, {"model": "flower_shop.order", "pk": 22, "fields": {"bouquet": 7, "name": "csac", "phone": "+79265252626", "address": "cascas", "preferred_delivery_time": "Как можно скорее", "total_sum": "5500.00"}}, {"model": "flower_shop.order", "pk": 23, "fields": {"bouquet": 5, "name": "efew", "phone": "+79265252626", "address": "wrbrbe", "preferred_delivery_time": "Как можно скорее", "total_sum": "4200.00"}}, {"model": "flower_shop.order", "pk": 24, "fields": {"bouquet": 5, "name": "efew", "phone": "+79265252626", "address": "wrbrbe", "preferred_delivery_time": "Как можно скорее", "total_sum": "4200.00"}}]